{
  "dataset": "DOT-22.05",
  "estimator": "linear_inversion",
  "target_state": "\\Phi^+",
  "normalized_counts": {
    "HH": 2.333993018519656,
    "HV": 0.07853716959057161,
    "HD": 1.2955529121863258,
    "HL": 1.090908114623068,
    "VH": 0.11015630954724258,
    "VV": 2.515734987084636,
    "VD": 1.1631881816864418,
    "VL": 1.4814847449223132,
    "DH": 0.9406852041018249,
    "DV": 1.5013275609769874,
    "DD": 2.47100563287991,
    "DR": 1.375486700187104,
    "RH": 1.420254083633248,
    "RV": 1.0960998594098044,
    "RD": 1.2695837783498158,
    "RL": 2.343383070503636
  },
  "metrics": {
    "trace": 1.0,
    "purity": 0.92638196957035,
    "fidelity": 0.9454772952625605,
    "concurrence": 0.831378289619659,
    "negativity": 0.45777042220344066,
    "entanglement_of_formation": 0.7640677316276846
  },
  "metrics_uncertainty": {
    "trace": {
      "mean": 1.0,
      "std": 1.6232326639648496e-16
    },
    "purity": {
      "mean": 0.9264525526568409,
      "std": 0.010368525240215877
    },
    "fidelity": {
      "mean": 0.9452656328920329,
      "std": 0.0053862802233389
    },
    "concurrence": {
      "mean": 0.828633847358136,
      "std": 0.014815770160368592
    },
    "negativity": {
      "mean": 0.457612114426761,
      "std": 0.005398416840821594
    },
    "entanglement_of_formation": {
      "mean": 0.7604238875718893,
      "std": 0.020009269728588654
    }
  },
  "rho": {
    "real": [
      [
        0.46323893814515243,
        0.017721387224471682,
        -0.055848733732133844,
        0.46420275121232923
      ],
      [
        0.017721387224471682,
        0.015587653757909402,
        0.04398580683768358,
        0.04052687597846642
      ],
      [
        -0.055848733732133844,
        0.04398580683768358,
        0.021863258141628254,
        -0.029723092258757813
      ],
      [
        0.46420275121232923,
        0.04052687597846642,
        -0.029723092258757813,
        0.49931014995530987
      ]
    ],
    "imag": [
      [
        0.0,
        0.022895460370154053,
        0.03933363260694791,
        0.04420293299930126
      ],
      [
        -0.022895460370154053,
        0.0,
        -0.027673299183021256,
        -0.03990063545429832
      ],
      [
        -0.03933363260694791,
        0.027673299183021256,
        0.0,
        -0.03345077364344423
      ],
      [
        -0.04420293299930126,
        0.03990063545429832,
        0.03345077364344423,
        0.0
      ]
    ]
  }
}