{
  "dataset": "DOT-22.05",
  "estimator": "maximum_likelihood",
  "target_state": "\\Phi^+",
  "likelihood": "poisson",
  "metrics": {
    "trace": 1.0,
    "purity": 0.9090078991164505,
    "fidelity": 0.9404965880460288,
    "concurrence": 0.9043583366448313,
    "negativity": 0.45183972914144205,
    "entanglement_of_formation": 0.8643057882639889
  },
  "metrics_uncertainty": {
    "trace": {
      "mean": 1.0,
      "std": 8.942840822222644e-17
    },
    "purity": {
      "mean": 0.9076766523531122,
      "std": 0.005210986604752437
    },
    "fidelity": {
      "mean": 0.9397274528054907,
      "std": 0.0028247474938490843
    },
    "concurrence": {
      "mean": 0.9032051985355449,
      "std": 0.005650492313786581
    },
    "negativity": {
      "mean": 0.451101202189128,
      "std": 0.002859595445138083
    },
    "entanglement_of_formation": {
      "mean": 0.8627074259988624,
      "std": 0.007871009319780157
    }
  },
  "rho": {
    "real": [
      [
        0.4633882029246414,
        0.02114277581268222,
        -0.05140776962459785,
        0.4595395767601791
      ],
      [
        0.02114277581268222,
        0.01616056106586116,
        0.00754821157588268,
        0.04267108172252003
      ],
      [
        -0.05140776962459785,
        0.00754821157588268,
        0.021925416362439977,
        -0.02676219451889556
      ],
      [
        0.4595395767601791,
        0.04267108172252003,
        -0.02676219451889556,
        0.49852581964705744
      ]
    ],
    "imag": [
      [
        0.0,
        0.02971015209738223,
        0.03374049215339556,
        0.034097262411895875
      ],
      [
        -0.02971015209738223,
        0.0,
        -0.006263978759989485,
        -0.04034166442178439
      ],
      [
        -0.03374049215339556,
        0.006263978759989485,
        0.0,
        -0.02817554475870333
      ],
      [
        -0.034097262411895875,
        0.04034166442178439,
        0.02817554475870333,
        0.0
      ]
    ]
  }
}