{
  "dataset": "DOT",
  "estimator": "linear_inversion",
  "target_state": "\\Phi^+",
  "normalized_counts": {
    "HH": 2.2323710767413134,
    "HV": 0.13747168057831619,
    "HD": 0.9693824096371458,
    "HL": 1.4633517392520574,
    "VH": 0.10056373851476394,
    "VV": 2.4479987904137968,
    "VD": 1.5072796249949192,
    "VL": 0.9856368630824425,
    "DH": 1.3563392829046181,
    "DV": 1.112672115337513,
    "DD": 2.504914988764524,
    "DR": 1.2339029293044288,
    "RH": 0.87147685615898,
    "RV": 1.5273488264696533,
    "RD": 1.0136229366904452,
    "RL": 2.3333632216411786
  },
  "metrics": {
    "trace": 1.0000000000000002,
    "purity": 0.9779813384976384,
    "fidelity": 0.9639144503695658,
    "concurrence": 0.8652099809078146,
    "negativity": 0.48526827561658453,
    "entanglement_of_formation": 0.8101590497717226
  },
  "metrics_uncertainty": {
    "trace": {
      "mean": 1.0,
      "std": 2.0389953009743855e-16
    },
    "purity": {
      "mean": 0.9787011585236699,
      "std": 0.011028124795699432
    },
    "fidelity": {
      "mean": 0.9640926660745265,
      "std": 0.005758173640397613
    },
    "concurrence": {
      "mean": 0.8639993133346099,
      "std": 0.010381042516639231
    },
    "negativity": {
      "mean": 0.485480968860398,
      "std": 0.0055543760600805375
    },
    "entanglement_of_formation": {
      "mean": 0.8085289623630976,
      "std": 0.01423519175180009
    }
  },
  "rho": {
    "real": [
      [
        0.45388107462046684,
        -0.04382293781793732,
        0.03860435735287204,
        0.4881128851507155
      ],
      [
        -0.04382293781793732,
        0.027950458040268734,
        0.024931290943156936,
        -0.0366100615299024
      ],
      [
        0.03860435735287204,
        0.024931290943156936,
        0.02044641152203109,
        0.047372745223355175
      ],
      [
        0.4881128851507155,
        -0.0366100615299024,
        0.047372745223355175,
        0.4977220558172335
      ]
    ],
    "imag": [
      [
        0.0,
        -0.056609885600670484,
        -0.05997686939176177,
        -0.04071022596473074
      ],
      [
        0.056609885600670484,
        0.0,
        -0.03838842046919817,
        0.04770115053949995
      ],
      [
        0.05997686939176177,
        0.03838842046919817,
        0.0,
        0.05868658326894788
      ],
      [
        0.04071022596473074,
        -0.04770115053949995,
        -0.05868658326894788,
        0.0
      ]
    ]
  }
}