{
  "dataset": "DOT",
  "estimator": "maximum_likelihood",
  "target_state": "\\Phi^+",
  "likelihood": "poisson",
  "metrics": {
    "trace": 1.0,
    "purity": 0.9389915616501365,
    "fidelity": 0.9454029325311069,
    "concurrence": 0.9390676321808686,
    "negativity": 0.4678436473639785,
    "entanglement_of_formation": 0.9130082974950878
  },
  "metrics_uncertainty": {
    "trace": {
      "mean": 1.0,
      "std": 9.41442642254142e-17
    },
    "purity": {
      "mean": 0.9385519952291869,
      "std": 0.002201392831329292
    },
    "fidelity": {
      "mean": 0.9452048150413018,
      "std": 0.0012208999839550126
    },
    "concurrence": {
      "mean": 0.9389059619878196,
      "std": 0.002166681513690053
    },
    "negativity": {
      "mean": 0.4676034034243555,
      "std": 0.0011617784917900594
    },
    "entanglement_of_formation": {
      "mean": 0.912781193698753,
      "std": 0.0030592490718764805
    }
  },
  "rho": {
    "real": [
      [
        0.4562216419184176,
        -0.0421598986482834,
        0.03971030089679401,
        0.46994108222362446
      ],
      [
        -0.0421598986482834,
        0.028206860519548838,
        0.0024379499910887766,
        -0.029676510738102138
      ],
      [
        0.03971030089679401,
        0.0024379499910887766,
        0.02086943886548684,
        0.05039160133540005
      ],
      [
        0.46994108222362446,
        -0.029676510738102138,
        0.05039160133540005,
        0.4947020586965468
      ]
    ],
    "imag": [
      [
        0.0,
        -0.044122207935050894,
        -0.060236781495389656,
        -0.05481984449956679
      ],
      [
        0.044122207935050894,
        0.0,
        -0.0043598748341773215,
        0.047413602250761924
      ],
      [
        0.060236781495389656,
        0.0043598748341773215,
        0.0,
        0.06303644243828126
      ],
      [
        0.05481984449956679,
        -0.047413602250761924,
        -0.06303644243828126,
        0.0
      ]
    ]
  }
}