{
  "dataset": "LASER",
  "estimator": "linear_inversion",
  "target_state": "HH",
  "normalized_counts": {
    "HH": 504650.5443786982,
    "HV": 409.396449704142,
    "HD": 239614.94082840238,
    "HL": 259045.30177514793,
    "VH": 195.18934911242604,
    "VV": 0.0,
    "VD": 66.0,
    "VL": 93.0,
    "DH": 278522.2544378698,
    "DV": 261.8816568047337,
    "DD": 127935.31952662722,
    "DR": 130257.76923076923,
    "RH": 278869.17159763316,
    "RV": 216.15384615384616,
    "RD": 126824.05917159763,
    "RL": 141993.84615384616
  },
  "metrics": {
    "trace": 1.0000000000000002,
    "purity": 1.0116165017493899,
    "fidelity": 0.9988034049281121,
    "concurrence": 0.0,
    "negativity": 0.027195240562245128,
    "entanglement_of_formation": 0.0
  },
  "metrics_uncertainty": {
    "trace": {
      "mean": 1.0,
      "std": 1.4008137493467502e-16
    },
    "purity": {
      "mean": 1.0116598515752369,
      "std": 0.0005521613079858803
    },
    "fidelity": {
      "mean": 0.9988025920686775,
      "std": 4.799745395085445e-05
    },
    "concurrence": {
      "mean": 0.0,
      "std": 0.0
    },
    "negativity": {
      "mean": 0.027258539914113363,
      "std": 0.001670840252416713
    },
    "entanglement_of_formation": {
      "mean": 0.0,
      "std": 0.0
    }
  },
  "rho": {
    "real": [
      [
        0.9988034049281121,
        -0.025561402179649757,
        0.05165585862491862,
        -0.011454849156586998
      ],
      [
        -0.025561402179649757,
        0.0008102766805362388,
        -0.008271566639653142,
        0.00011317734058944452
      ],
      [
        0.05165585862491862,
        -0.008271566639653142,
        0.0003863183913518156,
        -6.253212024806554e-05
      ],
      [
        -0.011454849156586998,
        0.00011317734058944452,
        -6.253212024806554e-05,
        -2.964615315390051e-18
      ]
    ],
    "imag": [
      [
        0.0,
        -0.012895131532178085,
        0.05234247641273096,
        -0.023996237087649933
      ],
      [
        0.012895131532178085,
        0.0,
        -0.0007251008943084461,
        2.2672944058480376e-05
      ],
      [
        -0.05234247641273096,
        0.0007251008943084461,
        0.0,
        9.093771209409e-06
      ],
      [
        0.023996237087649933,
        -2.2672944058480376e-05,
        -9.093771209409e-06,
        0.0
      ]
    ]
  }
}