{
  "dataset": "LASER",
  "estimator": "maximum_likelihood",
  "target_state": "HH",
  "likelihood": "poisson",
  "metrics": {
    "trace": 1.0,
    "purity": 0.9999496465332781,
    "fidelity": 0.9978881348327665,
    "concurrence": 0.005487227781475553,
    "negativity": 0.0027316325934321197,
    "entanglement_of_formation": 0.0001389729175777564
  },
  "metrics_uncertainty": {
    "trace": {
      "mean": 1.0,
      "std": 1.1449544137815094e-16
    },
    "purity": {
      "mean": 0.9999254394068783,
      "std": 6.785925949471105e-05
    },
    "fidelity": {
      "mean": 0.997912543077584,
      "std": 6.453582446007182e-05
    },
    "concurrence": {
      "mean": 0.003763833684504542,
      "std": 0.002399478981859149
    },
    "negativity": {
      "mean": 0.0018645643982370072,
      "std": 0.0011991264651390553
    },
    "entanglement_of_formation": {
      "mean": 9.149819980900804e-05,
      "std": 7.654440475579513e-05
    }
  },
  "rho": {
    "real": [
      [
        0.9978881348327665,
        -0.022192247033509388,
        0.024719235052283767,
        -0.002588453452220654
      ],
      [
        -0.022192247033509388,
        0.0008514314959343756,
        -0.0010116641370965331,
        5.671884479297052e-05
      ],
      [
        0.024719235052283767,
        -0.0010116641370965331,
        0.0012534783780992417,
        -6.124901540904117e-05
      ],
      [
        -0.002588453452220654,
        5.671884479297052e-05,
        -6.124901540904117e-05,
        6.955293199895518e-06
      ]
    ],
    "imag": [
      [
        0.0,
        -0.01822780681331398,
        0.025293428792782926,
        0.00011591389747972477
      ],
      [
        0.01822780681331398,
        0.0,
        -0.00011185931933245302,
        -4.785152565056443e-05
      ],
      [
        -0.025293428792782926,
        0.00011185931933245302,
        0.0,
        6.853437912016402e-05
      ],
      [
        -0.00011591389747972477,
        4.785152565056443e-05,
        -6.853437912016402e-05,
        0.0
      ]
    ]
  }
}